model,reference_date,mean_wis,n_tuples
CEPH-Rtrend_covid,2024-11-23,40.4189799331104,208
CEPH-Rtrend_covid,2024-11-30,28.0964130434783,208
CEPH-Rtrend_covid,2024-12-07,42.9178699832776,208
CEPH-Rtrend_covid,2024-12-14,61.2463210702341,208
CEPH-Rtrend_covid,2024-12-21,51.2804494147157,208
CEPH-Rtrend_covid,2024-12-28,64.3486914715719,208
CEPH-Rtrend_covid,2025-01-04,69.2595401337792,208
CEPH-Rtrend_covid,2025-01-11,113.395098244147,208
CEPH-Rtrend_covid,2025-01-18,39.0856918896321,208
CEPH-Rtrend_covid,2025-02-01,46.8911162207358,208
CEPH-Rtrend_covid,2025-02-08,33.0998411371237,208
CEPH-Rtrend_covid,2025-02-15,33.4604724080267,208
CEPH-Rtrend_covid,2025-02-22,27.3251546822743,208
CEPH-Rtrend_covid,2025-03-01,35.2247658862876,208
CEPH-Rtrend_covid,2025-03-08,24.5724080267559,208
CEPH-Rtrend_covid,2025-03-15,21.2359698996656,208
CEPH-Rtrend_covid,2025-03-22,22.0795401337793,208
CEPH-Rtrend_covid,2025-03-29,20.3340342809365,208
CEPH-Rtrend_covid,2025-04-05,16.2574310200669,208
CEPH-Rtrend_covid,2025-04-12,16.0887959866221,156
CEPH-Rtrend_covid,2025-04-19,14.1167976588629,104
CEPH-Rtrend_covid,2025-04-26,10.5523494983278,52
CMU-TimeSeries,2024-11-23,121.872904953643,208
CMU-TimeSeries,2024-11-30,89.6207447253135,208
CMU-TimeSeries,2024-12-07,68.9155449650951,208
CMU-TimeSeries,2024-12-14,50.8317372189989,208
CMU-TimeSeries,2024-12-21,53.4811715168221,208
CMU-TimeSeries,2024-12-28,64.0862286022163,208
CMU-TimeSeries,2025-01-04,63.6031531157286,208
CMU-TimeSeries,2025-01-11,129.629233588347,208
CMU-TimeSeries,2025-01-18,49.0516521993714,208
CMU-TimeSeries,2025-02-08,31.0038809924312,208
CMU-TimeSeries,2025-02-15,27.5356106353406,208
CMU-TimeSeries,2025-02-22,19.6480097618456,208
CMU-TimeSeries,2025-03-01,21.8059981845027,208
CMU-TimeSeries,2025-03-08,17.3175406220733,208
CMU-TimeSeries,2025-03-15,16.4036130807886,208
CMU-TimeSeries,2025-03-22,16.559867210219,208
CMU-TimeSeries,2025-03-29,13.7214491339095,208
CMU-TimeSeries,2025-04-05,12.7542448199625,208
CMU-TimeSeries,2025-04-12,11.4738361818245,156
CMU-TimeSeries,2025-04-19,10.8819189463046,104
CMU-TimeSeries,2025-04-26,9.18546355108381,52
CMU-climate_baseline,2024-11-23,163.949568233776,208
CMU-climate_baseline,2024-11-30,166.343572252314,208
CMU-climate_baseline,2024-12-07,158.243761600333,208
CMU-climate_baseline,2024-12-14,143.42210084343,208
CMU-climate_baseline,2024-12-21,129.594735428919,208
CMU-climate_baseline,2024-12-28,113.82406559653,208
CMU-climate_baseline,2025-01-04,123.784635472585,208
CMU-climate_baseline,2025-01-11,123.01469539295,208
CMU-climate_baseline,2025-01-18,117.060653664752,208
CMU-climate_baseline,2025-02-08,96.0493165789943,208
CMU-climate_baseline,2025-02-15,87.6952444642763,208
CMU-climate_baseline,2025-02-22,78.8212027204919,208
CMU-climate_baseline,2025-03-01,68.2494174999227,208
CMU-climate_baseline,2025-03-08,59.2072952409833,208
CMU-climate_baseline,2025-03-15,51.6670637208966,208
CMU-climate_baseline,2025-03-22,46.302926492516,208
CMU-climate_baseline,2025-03-29,41.7128170773775,208
CMU-climate_baseline,2025-04-05,38.0392831700638,208
CMU-climate_baseline,2025-04-12,35.0999183195952,156
CMU-climate_baseline,2025-04-19,38.1937795847269,104
CMU-climate_baseline,2025-04-26,34.7661518673356,52
CovidHub-baseline,2024-11-23,120.612350346783,208
CovidHub-baseline,2024-11-30,40.4383232650383,208
CovidHub-baseline,2024-12-07,56.9342617093845,208
CovidHub-baseline,2024-12-14,83.859011614343,208
CovidHub-baseline,2024-12-21,85.7877471997229,208
CovidHub-baseline,2024-12-28,95.3730686350641,208
CovidHub-baseline,2025-01-04,49.1442510723054,208
CovidHub-baseline,2025-01-11,58.8026054576061,208
CovidHub-baseline,2025-01-18,34.0640464517162,208
CovidHub-baseline,2025-02-01,31.9819566973271,208
CovidHub-baseline,2025-02-08,27.9447599862569,208
CovidHub-baseline,2025-02-15,27.5714700006209,208
CovidHub-baseline,2025-02-22,24.7309019867605,208
CovidHub-baseline,2025-03-01,24.9664339386741,208
CovidHub-baseline,2025-03-08,20.9301107047877,208
CovidHub-baseline,2025-03-15,20.9387956397872,208
CovidHub-baseline,2025-03-22,22.9108010455239,208
CovidHub-baseline,2025-03-29,23.7095437917175,208
CovidHub-baseline,2025-04-05,22.2919256804512,208
CovidHub-baseline,2025-04-12,18.3937484552341,156
CovidHub-baseline,2025-04-19,13.5045935290434,104
CovidHub-baseline,2025-04-26,12.5672541463437,52
CovidHub-ensemble,2024-11-23,36.2968990971746,208
CovidHub-ensemble,2024-11-30,28.7026426776369,208
CovidHub-ensemble,2024-12-07,38.0484848792085,208
CovidHub-ensemble,2024-12-14,57.970184080038,208
CovidHub-ensemble,2024-12-21,55.6195020889086,208
CovidHub-ensemble,2024-12-28,69.7963284087984,208
CovidHub-ensemble,2025-01-04,51.0507039526007,208
CovidHub-ensemble,2025-01-11,76.1780104744191,208
CovidHub-ensemble,2025-01-18,37.9489564877723,208
CovidHub-ensemble,2025-02-01,30.7489506221539,208
CovidHub-ensemble,2025-02-08,25.370158459557,208
CovidHub-ensemble,2025-02-15,25.4311556254735,208
CovidHub-ensemble,2025-02-22,21.4329229595214,208
CovidHub-ensemble,2025-03-01,24.2762718464016,208
CovidHub-ensemble,2025-03-08,17.9198257477105,208
CovidHub-ensemble,2025-03-15,16.5302960413667,208
CovidHub-ensemble,2025-03-22,16.5652445761891,208
CovidHub-ensemble,2025-03-29,15.8634522050745,208
CovidHub-ensemble,2025-04-05,13.0821535982318,208
CovidHub-ensemble,2025-04-12,12.206319110753,156
CovidHub-ensemble,2025-04-19,10.3539832540599,104
CovidHub-ensemble,2025-04-26,8.48174413313694,52
MOBS-GLEAM_COVID,2024-11-30,71.1293801326087,200
MOBS-GLEAM_COVID,2024-12-21,101.330245098039,204
MOBS-GLEAM_COVID,2024-12-28,109.983883205456,204
MOBS-GLEAM_COVID,2025-01-04,62.3924083546462,204
MOBS-GLEAM_COVID,2025-01-11,91.3770716112532,204
MOBS-GLEAM_COVID,2025-01-18,78.4443286445013,204
MOBS-GLEAM_COVID,2025-02-08,29.7441760571185,204
MOBS-GLEAM_COVID,2025-02-15,37.265,204
MOBS-GLEAM_COVID,2025-02-22,27.8757821824382,204
MOBS-GLEAM_COVID,2025-03-01,26.3457777941177,204
MOBS-GLEAM_COVID,2025-03-08,19.2711862260869,200
MOBS-GLEAM_COVID,2025-03-15,19.9768640345269,204
MOBS-GLEAM_COVID,2025-03-22,20.4767582011935,204
MOBS-GLEAM_COVID,2025-03-29,21.7783452536232,204
MOBS-GLEAM_COVID,2025-04-05,18.360531162378,196
MOBS-GLEAM_COVID,2025-04-12,20.7577422492754,150
MOBS-GLEAM_COVID,2025-04-19,20.0434710692103,98
MOBS-GLEAM_COVID,2025-04-26,10.3978496695652,50
OHT_JHU-nbxd,2024-11-23,52.4238188545151,208
OHT_JHU-nbxd,2024-11-30,51.7497527173913,208
OHT_JHU-nbxd,2024-12-07,56.5115960075251,208
OHT_JHU-nbxd,2024-12-14,72.8630008779264,208
OHT_JHU-nbxd,2024-12-21,79.1104756688963,208
OHT_JHU-nbxd,2024-12-28,78.8892794105351,208
OHT_JHU-nbxd,2025-01-04,87.205949958194,208
OHT_JHU-nbxd,2025-01-11,41.1057823578595,208
OHT_JHU-nbxd,2025-01-18,42.5209088419732,208
OHT_JHU-nbxd,2025-02-01,54.6922305811037,208
OHT_JHU-nbxd,2025-02-08,55.2697744774248,208
OHT_JHU-nbxd,2025-02-15,37.955202027592,208
OHT_JHU-nbxd,2025-02-22,30.2680446070234,208
OHT_JHU-nbxd,2025-03-01,32.550627006689,208
OHT_JHU-nbxd,2025-03-08,30.7668301003344,208
OHT_JHU-nbxd,2025-03-15,22.1119790342809,208
OHT_JHU-nbxd,2025-03-29,18.4406828595318,208
OHT_JHU-nbxd,2025-04-12,14.748271599777,156
OHT_JHU-nbxd,2025-04-19,12.6038784698997,104
OHT_JHU-nbxd,2025-04-26,10.0051454849498,52
UM-DeepOutbreak,2024-11-23,52.6738654890603,208
UM-DeepOutbreak,2024-11-30,52.4027036553661,208
UM-DeepOutbreak,2024-12-07,67.3899992153209,208
UM-DeepOutbreak,2024-12-14,57.6804541454502,208
UM-DeepOutbreak,2024-12-21,67.4414250547566,208
UM-DeepOutbreak,2024-12-28,65.3421448172065,208
UM-DeepOutbreak,2025-01-04,62.1757086156858,208
UM-DeepOutbreak,2025-01-11,98.7614236826851,208
UM-DeepOutbreak,2025-01-18,45.3286246543808,208
UM-DeepOutbreak,2025-02-01,40.7124120770002,208
UM-DeepOutbreak,2025-02-08,40.0247007918908,208
UM-DeepOutbreak,2025-02-15,40.2711773524657,208
UM-DeepOutbreak,2025-02-22,35.7361619657134,208
UM-DeepOutbreak,2025-03-01,35.9843038407159,208
UM-DeepOutbreak,2025-03-08,29.4748306416836,208
UM-DeepOutbreak,2025-03-15,30.616793340026,208
UM-DeepOutbreak,2025-03-22,34.7157841023945,208
UM-DeepOutbreak,2025-03-29,29.2182583631022,208
UM-DeepOutbreak,2025-04-05,26.2396334079578,208
UM-DeepOutbreak,2025-04-12,25.7661595320796,156
UM-DeepOutbreak,2025-04-19,20.0379588939528,104
UM-DeepOutbreak,2025-04-26,25.5796876447834,52
UMass-ar6_pooled,2024-11-23,33.9376520143958,144
UMass-ar6_pooled,2024-11-30,31.4770974619339,208
UMass-ar6_pooled,2024-12-07,37.1006724979542,208
UMass-ar6_pooled,2024-12-14,57.8127086357251,208
UMass-ar6_pooled,2024-12-21,57.8802623371331,208
UMass-ar6_pooled,2024-12-28,77.898887961251,208
UMass-ar6_pooled,2025-01-04,48.1234498554019,208
UMass-ar6_pooled,2025-01-11,80.7289191129687,208
UMass-ar6_pooled,2025-01-18,37.8767006173577,208
UMass-ar6_pooled,2025-02-01,33.2794388338173,208
UMass-ar6_pooled,2025-02-08,28.0773232681206,208
UMass-ar6_pooled,2025-02-15,27.5219161536829,208
UMass-ar6_pooled,2025-02-22,23.7622154472119,208
UMass-ar6_pooled,2025-03-01,24.0290426522945,208
UMass-ar6_pooled,2025-03-08,20.8883730982292,208
UMass-ar6_pooled,2025-03-15,20.9691508494458,208
UMass-ar6_pooled,2025-03-22,22.685692604394,208
UMass-ar6_pooled,2025-03-29,23.6757037307282,208
UMass-ar6_pooled,2025-04-05,22.5006423579383,208
UMass-ar6_pooled,2025-04-12,16.8068756720808,156
UMass-ar6_pooled,2025-04-19,12.5948811280592,104
UMass-gbqr,2024-11-23,24.5191504923626,144
UMass-gbqr,2024-11-30,32.7166241931806,208
UMass-gbqr,2024-12-07,54.582003301759,208
UMass-gbqr,2024-12-14,84.100693850561,208
UMass-gbqr,2024-12-21,84.4453521066656,208
UMass-gbqr,2024-12-28,96.2595202429156,208
UMass-gbqr,2025-01-04,46.3767944472763,208
UMass-gbqr,2025-01-11,61.1225835281711,208
UMass-gbqr,2025-01-18,33.127117665672,208
UMass-gbqr,2025-02-01,31.1447237136745,208
UMass-gbqr,2025-02-08,24.3598408881706,208
UMass-gbqr,2025-02-15,25.9244005771969,208
UMass-gbqr,2025-02-22,22.7031647641155,208
UMass-gbqr,2025-03-01,28.4106231508587,208
UMass-gbqr,2025-03-08,21.0089038318315,208
UMass-gbqr,2025-03-15,19.3701472187354,208
UMass-gbqr,2025-03-22,18.0153221275615,208
UMass-gbqr,2025-03-29,16.4515640127167,208
UMass-gbqr,2025-04-05,14.2136061989849,208
UMass-gbqr,2025-04-12,12.6356835490944,156
UMass-gbqr,2025-04-19,11.6372358021069,104
